{"cameraMode":{"drawMode":0,"name":"Shaded","section":"Shading Mode"},"sceneLighting":false,"audioPlay":false,"sceneViewState":{"showFog":true,"showMaterialUpdate":false,"showSkybox":false,"showFlares":true,"showImageEffects":true,"showParticleSystems":true},"in2DMode":false,"pivot":{"x":408.2200012207031,"y":123.76000213623047,"z":-1.7489999532699586},"rotation":{"x":-0.0008977288962341845,"y":-0.008408629335463047,"z":0.000012694416000158526,"w":-0.9999813437461853},"size":37.16238784790039,"orthographic":false}