{"cameraMode":{"drawMode":0,"name":"Shaded","section":"Shading Mode"},"sceneLighting":false,"audioPlay":false,"sceneViewState":{"showFog":true,"showMaterialUpdate":false,"showSkybox":false,"showFlares":true,"showImageEffects":true,"showParticleSystems":true},"in2DMode":false,"pivot":{"x":-4.063017845153809,"y":6.03527307510376,"z":13.80433177947998},"rotation":{"x":-0.0765548124909401,"y":0.333132803440094,"z":-0.02713776007294655,"w":-0.9394203424453735},"size":3.491054058074951,"orthographic":false}