{"cameraMode":{"drawMode":0,"name":"Shaded","section":"Shading Mode"},"sceneLighting":false,"audioPlay":false,"sceneViewState":{"showFog":true,"showMaterialUpdate":false,"showSkybox":false,"showFlares":true,"showImageEffects":true,"showParticleSystems":true},"in2DMode":false,"pivot":{"x":-5.072999954223633,"y":6.058000087738037,"z":13.628000259399414},"rotation":{"x":0.05713821202516556,"y":-0.2340855598449707,"z":0.01377993356436491,"w":0.9704601764678955},"size":0.8689767718315125,"orthographic":false}